id,first_name,last_name
1,Ardine,O'Riordan
2,Latrina,Newgrosh
3,Hamnet,Klewer
4,Ellene,Stockin
5,Maddy,Vaudre
6,Florrie,Churchman
7,Jabez,Robb
8,Dillie,Gooda
9,Murvyn,Cowpland
10,Vera,Pilmore
11,Dolph,Gauler
12,Marcus,Lefever
13,Granger,Eck
14,Celine,Lithcow
15,Georgy,Bliben
16,Aloysia,Feaveryear
17,Irv,Penna
18,Son,McGaw
19,Tania,Welsby
20,Alyce,Splevin
21,Cheryl,McLaughlan
22,Sonya,McDuff
23,Janean,Shurlock
24,Lief,Klimentyev
25,Syman,Jellis
26,Tierney,Grenville
27,Baillie,Disley
28,Kaylee,Kiffe
29,Dolph,Missen
30,Valina,Kelshaw
31,Alastair,Fries
32,Marje,Marco
33,Elwood,Hartus
34,Rawley,Ivashin
35,Alane,McPhee
36,Bridget,Brame
37,Suellen,Tye
38,Katuscha,MacNucator
39,Zared,Maidlow
40,Alysa,Aslen
41,Rori,Bakhrushkin
42,Joella,Skivington
43,Marguerite,Glader
44,Luce,Yarham
45,Patti,MacArte
46,Trey,Varnham
47,Dean,Dmisek
48,Vivien,Grimestone
49,Wanids,Reilly
50,Zackariah,O'Loughane
51,Reider,Flattman
52,Marabel,Reinbeck
53,Lorelei,Whittier
54,Emilio,Debrick
55,Cairistiona,Gregh
56,Galven,Wyne
57,Wally,Immer
58,Jordan,Joselson
59,Celine,Wadelin
60,Corina,Stain
61,Lalo,Faunch
62,Lorelei,Moncreiff
63,Cybill,Jersh
64,Christel,Estabrook
65,Porter,Coverdale
66,Myranda,Reddell
67,Gordy,Stilliard
68,Jeniffer,Kinder
69,Nelia,Sarfat
70,Drucill,Hillhouse
71,Heath,MacCurtain
72,Colet,Bursnell
73,Ardith,Jonk
74,Valenka,Beames
75,Oren,Faucett
76,Sullivan,Tolomei
77,Suzie,Deware
78,Bree,Youles
79,Amandi,MacPaik
80,Demetre,Neljes
81,Jules,Bolle
82,Matthew,Lacrouts
83,Ilse,Wyre
84,Ursuline,Elie
85,Gerianne,Deppe
86,Stormi,Sydenham
87,Skylar,Eskell
88,Marcille,Keast
89,Hendrick,Cossar
90,Kalinda,Gennerich
91,Danya,Arend
92,Jessalin,Carlson
93,Gaven,Sproat
94,Richy,Roundtree
95,Gusella,McGarahan
96,Karine,Hearnes
97,Opal,Ricardo
98,Myriam,O'Kieran
99,Erinn,Freke
100,Helsa,Jouannisson
101,Wait,Fley
102,Melania,Attwoul
103,Sullivan,Spawell
104,Emeline,McIntee
105,Mariann,Prettyman
106,Nero,Szwarc
107,Rance,Sapauton
108,Moore,Melsom
109,Kiele,Batha
110,Zilvia,Gillson
111,Inness,Bickerdicke
112,Kendrick,Leng
113,Joeann,Kennagh
114,Trenton,Prudence
115,Constancia,Humble
116,Malory,Ceillier
117,Mora,Rouzet
118,Ashley,Wanjek
119,Carey,Januszkiewicz
120,Inger,Calley
121,Brigitte,Mitchall
122,Genny,Abbatt
123,Druci,McSwan
124,Anabella,Mease
125,Barn,L'Episcopi
126,Pennie,Kilbride
127,Christiana,Florentine
128,Morrie,Ordemann
129,Bondie,Gillbe
130,Jenica,Larmour
131,Jereme,Clohissy
132,Mady,Duly
133,Kelsey,Groves
134,Culley,Rawnsley
135,Morley,Stammers
136,Yance,Canceller
137,Jorey,Harner
138,Ernie,Wilkinson
139,Dasha,Matveiko
140,Con,Kaser
141,Rochester,Cumberledge
142,Normand,Gairdner
143,Anny,Oda
144,Maurine,Phethean
145,Gilberto,Overy
146,Kiah,Masterson
147,Cheslie,Plenty
148,Illa,Espasa
149,Hansiain,Danett
150,Dare,Axtonne
151,Zonda,Greatbank
152,Darius,Lucius
153,Puff,Bubear
154,Matthias,Escale
155,Cammi,Piatek
156,Edan,Brisard
157,Zaccaria,Bendig
158,Ritchie,Woodrow
159,Dyann,Aiskovitch
160,Conny,Stickells
161,Feodor,Maskill
162,Sebastien,McNee
163,Alejandra,Antonacci
164,Shani,Housecraft
165,Bonnibelle,Adamolli
166,Royall,Streatley
167,Nara,Astupenas
168,Kerwinn,Phizackarley
169,Velma,Shilleto
170,Tuckie,Geffe
171,Dore,Lillow
172,Elsi,Blondell
173,Kristi,Krysztowczyk
174,Lorettalorna,Turbern
175,Fenelia,Hiscoke
176,Tybi,Eckersley
177,Galina,Djurkovic
178,Bernie,Rollings
179,Dunc,Seagrove
180,Cherlyn,Franckton
181,Shaughn,Bamford
182,Pippa,Timny
183,Lisabeth,Stovell
184,Branden,Luety
185,Marissa,Bewicke
186,Montgomery,Storrs
187,Brandy,Tuck
188,Ada,Getch
189,Mitchael,Giovanardi
190,Lyndsey,Evill
191,Philippe,Borborough
192,Bartholemy,Heppner
193,Loni,Matuszkiewicz
194,Waylan,Larrosa
195,Ondrea,Howitt
196,Marty,Rozzier
197,Forest,Morsom
198,Steffen,Bes
199,Nadiya,Pires
200,Nathan,Shoemark
201,Abner,Stockbridge
202,Robinson,Fearnside
203,Dee dee,Burland
204,Gerianna,Tarpey
205,Charlton,O'Currine
206,Melanie,Readman
207,Baillie,Burgwyn
208,Emmy,Hearons
209,Belle,Beaford
210,Junie,Moodycliffe
211,Des,Ketchen
212,Jyoti,Tudhope
213,Dorena,Evins
214,Fabio,Temlett
215,Allin,Kenninghan
216,Albie,Dunsmore
217,Hatti,Bendell
218,Thedrick,Yurkiewicz
219,Nealson,Maciocia
220,Jeannie,Conwell
221,Natala,Jeayes
222,Xaviera,Lewington
223,Arturo,Frigout
224,Robert,Batchelour
225,Abrahan,Terney
226,Abba,Waddicor
227,Baron,Jime
228,Irma,Meale
229,Jarrid,Seamons
230,Shirleen,Engelbrecht
231,Marcellus,Pippard
232,Mead,Peaurt
233,Sheela,Noriega
234,Blanche,Hawkeridge
235,Cristina,Poznanski
236,Lonnard,Ogborn
237,Dee dee,Lyosik
238,Codee,Hallmark
239,Bonnie,Stiddard
240,Stevana,Harral
241,Morganica,Wyd
242,Frederik,Jarred
243,Margarethe,Melding
244,Marcie,Pickerin
245,Mitchael,Templeman
246,Melinde,Southers
247,Haskel,Curtayne
248,Boot,Sirr
249,Jacintha,McLane
250,Jolene,Antoszewski
251,Ewart,Fronek
252,Elfrieda,Burkart
253,Fianna,Gaythorpe
254,Sydney,Karpf
255,Jo,Clacson
256,Bibbie,Curedale
257,Giacopo,Rodenhurst
258,Tobe,Scopham
259,Alberik,Bess
260,Marlow,Ramsby
261,Issi,Fishburn
262,Doyle,MacGinlay
263,Alberik,Pasfield
264,Spenser,Fernant
265,Lorinda,Alcide
266,Ignacius,Normavill
267,Nata,Kernock
268,Garrek,Scarasbrick
269,Vaclav,Camplen
270,Jedidiah,MacDwyer
271,Livvy,Georgot
272,Bronson,Cockshtt
273,Golda,Tackley
274,Katine,Gleadhall
275,Rubie,Hayler
276,Tabby,Swanbourne
277,Cassondra,Bambury
278,Donall,O'Skehan
279,Yelena,Lutz
280,Rudy,Corro
281,Doretta,Tithecote
282,Bonnie,Gives
283,Corey,O'Roan
284,Freddie,Rustadge
285,Dulsea,Yearsley
286,Ogden,Meiklejohn
287,Kym,Satteford
288,Giraud,Macak
289,Cele,McCloch
290,Drake,Jaggard
291,Adah,Skoggins
292,Chen,Fiander
293,Enid,Mattevi
294,Gabriel,Hallatt
295,Chlo,Arboin
296,Iggie,Kaasmann
297,Adelbert,Ovell
298,Emiline,Erdes
299,Dame,Conyers
300,Filippo,Beushaw
301,Chandal,Pullen
302,Amabelle,Stannah
303,Dulcea,Gaine
304,Danica,Jamme
305,Shaina,Ivasechko
306,Brigid,McKinty
307,Briney,Eede
308,Reine,Joly
309,Cleopatra,Stedmond
310,Keenan,Hradsky
311,Bambi,Beer
312,Rachele,Weatherall
313,Gillan,Sibbe
314,Abagael,Vinker
315,Maridel,Clayworth
316,Earl,Lehmann
317,Arron,Sawnwy
318,Carmen,Menico
319,Nicolina,Longhorne
320,Natassia,Askem
321,Morganica,Hindrick
322,Elenore,Tresler
323,Courtnay,McGinney
324,Daisie,Marton
325,Olga,Heckner
326,Rheta,Hamprecht
327,Catie,Wroath
328,Robbyn,Trevaskus
329,Andriana,Boydon
330,Gearard,Callender
331,Vito,Dumbar
332,Anthia,Baalham
333,Ursola,Jesteco
334,Smith,Hambright
335,Aksel,Ivatts
336,Melissa,Heffron
337,Tybalt,Bradane
338,Rock,Mound
339,Antonie,Shervington
340,Madison,Di Bartolommeo
341,Marian,Bloore
342,Isaac,Scorton
343,Worthy,Norker
344,Beatrisa,Cottel
345,Colette,Olexa
346,Marylee,Fishbourn
347,Giselle,Pummell
348,Alistair,Bromehead
349,Harriet,Haughey
350,Jammie,Lillicrap
351,Nicholas,Smallpeace
352,Eadie,Shivlin
353,Marijn,Lello
354,Kellie,Minchi
355,Tedie,Gonin
356,Eustace,Wilce
357,Oralee,Rogliero
358,Goldia,Lemasney
359,Rosalie,Jacobs
360,Lulita,Tewkesbury.
361,Alix,Phythean
362,Darlene,Avrahamov
363,Kimberlyn,Capsey
364,Hollyanne,Redsall
365,Terza,Basezzi
366,Riley,Blabey
367,Vittoria,Rozycki
368,Gan,Tebbutt
369,Goldina,Brailey
370,Cristobal,Langran
371,Ivory,Guerrier
372,Esther,Nockolds
373,Rosamond,Tallon
374,Patrizius,Fleming
375,Stuart,Stowell
376,Denney,Kenwin
377,Stoddard,Crawshaw
378,Marlow,Sitlington
379,Cornelle,Van Merwe
380,Franzen,Snelson
381,Sigismund,Shew
382,Fanchette,Martinets
383,Art,Mora
384,Patty,Stainton - Skinn
385,Sydelle,Banstead
386,Ron,Laughrey
387,Skip,Leyban
388,Georgianne,Everil
389,Cyndi,Whodcoat
390,Desiree,Fattorini
391,Karlee,Rubenczyk
392,Bessie,Klimp
393,Normand,Reisenstein
394,Alasdair,Goodrum
395,Gwendolyn,Wickmann
396,Kathie,Baguley
397,Flinn,Flood
398,Boyce,Jerams
399,Netty,Heijnen
400,Creight,Renon
401,Nicolina,Windows
402,Abigael,Quilter
403,Bridie,Macourek
404,Florencia,Verman
405,Bellanca,Haskins
406,Peri,Linnell
407,Fidela,Windus
408,Urbano,Slad
409,Maurizio,Morad
410,Fernanda,Scough
411,Blanche,Nuss
412,Mathe,Cheers
413,Kennedy,Gully
414,Essy,Grossier
415,Marianna,Egger
416,Nora,Doby
417,Shell,Devanny
418,Freddie,Messruther
419,Lalo,Courtney
420,Emelita,Kime
421,Ev,Aseef
422,Maribeth,Deveril
423,Cyrille,Kendle
424,Selestina,Lindberg
425,Lauretta,Theodoris
426,Evyn,McDermot
427,Cally,Colloff
428,Reagen,Cleaves
429,Minnaminnie,Klimczak
430,Casie,O'Shields
431,Janeen,Stoite
432,Gabriello,Cheney
433,Johnathon,Legge
434,Theda,Shakespear
435,Genni,Daltry
436,Dianne,Tenney
437,Melosa,Biermatowicz
438,Carina,Iglesia
439,Charlena,Methley
440,Harald,Tree
441,Afton,O'Rowane
442,Dixie,Pulham
443,Whitby,Dear
444,Martica,Vinsen
445,Quinlan,Denyer
446,Heidi,Kitley
447,Merrill,Vanezis
448,Andeee,Winterson
449,Husain,Shorten
450,Marthe,Mangham
451,Josefa,Anthes
452,Brandy,McNirlin
453,Korey,White
454,Emmit,Manterfield
455,Corry,Horrod
456,Matthew,Morcom
457,Nicola,Edelston
458,Brit,Signoret
459,Maryanne,Woodland
460,Danila,Glazzard
461,Brynne,Espinoza
462,Marcia,Spinley
463,Minne,Allsepp
464,Yvette,Purle
465,Irene,Sudran
466,Mauricio,Aiken
467,Raffarty,Josselson
468,Feliza,Bewley
469,Barbara-anne,Garrettson
470,Kirstin,Iglesia
471,Abdel,Glossop
472,Anastasia,Warrior
473,Araldo,Toe
474,Margy,Nassie
475,Jinny,Kytley
476,Cly,Muff
477,Vinny,Jobke
478,Hildegaard,Yitzowitz
479,Ronnie,Prahl
480,Rad,McGlynn
481,Deb,Curtis
482,Itch,Argyle
483,Luther,Phillis
484,Timoteo,Poolman
485,Bird,Penny
486,Peterus,Du Hamel
487,Ryley,Lothlorien
488,Portia,Steward
489,Perice,Eatherton
490,Kareem,Jentzsch
491,Patty,Wythill
492,Jarrid,Wickwarth
493,Hertha,Carwithan
494,Nikkie,Stiller
495,Marina,Menhenitt
496,Judon,Garnall
497,Kira,Marvelley
498,Lorenzo,Maguire
499,Susy,Hackett
500,Sim,Gourlay
501,Wilek,Tilt
502,Isidoro,Van der Beken
503,Jesselyn,Eichmann
504,Paulie,Sperring
505,Kaspar,Hellier
506,Jackie,Gillease
507,Vivian,Brimmacombe
508,Minnaminnie,Gouge
509,Philipa,Sahlstrom
510,Keary,Pollicote
511,Kathryn,Kelby
512,Teena,Coste
513,Towny,Beynkn
514,Rollin,Kemell
515,Edvard,Roswarn
516,Wyndham,Thrussell
517,Genia,Antalffy
518,Marie-jeanne,Kitchener
519,Falkner,Farnell
520,Adelind,Elsby
521,Indira,Brobeck
522,Trixie,Le Provest
523,Catina,Roskeilly
524,Ikey,Madelin
525,Lazarus,Iorizzo
526,Dacia,Jaskiewicz
527,Hamid,Espino
528,Vivia,Hollingdale
529,Kathi,Axelbee
530,Shell,Farries
531,Raven,Tuiller
532,Elysee,Cornely
533,Marvin,Pollastro
534,Selina,Bartomieu
535,Missie,Dovidaitis
536,Aundrea,Ferby
537,Maure,Dodworth
538,Salomon,Hales
539,Jillian,Laflin
540,Ludwig,Redmore
541,Feliks,Emerine
542,Shelden,Fergie
543,Eimile,Dohr
544,Galina,Blueman
545,Corliss,Cahillane
546,Dayle,Sussex
547,Fredra,Kivlin
548,Kalli,Blase
549,Gavrielle,Binney
550,Eamon,Andreaccio
551,May,Downe
552,Jennifer,Mindenhall
553,Lezlie,Skacel
554,Meir,Churchward
555,Violet,Cabral
556,Hazel,Bichener
557,Josefina,Luce
558,Pearce,Smogur
559,Ilene,Loomes
560,Schuyler,Jerschke
561,Genny,Lehenmann
562,Huntlee,Prinett
563,Ailina,Worral
564,Kingsly,Kyles
565,Lilia,Grubey
566,Ruthie,Wippermann
567,Calhoun,Band
568,Billye,Stang-Gjertsen
569,Thatcher,Ibell
570,Nowell,Glass
571,Garrard,Hallex
572,Ezri,Gionettitti
573,Cherey,Dabner
574,Keenan,Gipp
575,Sibel,Bartolic
576,Jacenta,Job
577,Nita,Snodin
578,Jacynth,Scrivner
579,Carey,De Bernardis
580,Adrian,Darkott
581,Cherri,Camillo
582,Witty,Parfitt
583,Karoline,Fidell
584,Sander,Corse
585,Hugo,Goodyer
586,Caryl,Routley
587,Maren,Waldie
588,Caz,Boncoeur
589,Ricki,Danielut
590,Sylvester,Trew
591,Ilysa,Frayne
592,Gaby,Oldland
593,Elizabet,Maryon
594,Ortensia,Rodmell
595,Marlena,Melmeth
596,Jeanna,Say
597,Berty,Hymer
598,Ulrick,Arnholz
599,Sile,Budgeon
600,Joanna,Deener
601,Lyndel,Arrighini
602,Chico,Sand
603,Yalonda,Rameau
604,Ferris,Gurg
605,Roderich,Ebbs
606,Alex,Pooke
607,Franny,Jura
608,Lucie,Eschalotte
609,Maggy,Pashby
610,Phylis,Lodden
611,Lonee,Wettern
612,Johann,Allsupp
613,Xever,Gaskell
614,Sherri,Peddel
615,Mahmud,Tytler
616,Grethel,Padilla
617,Brandyn,Johl
618,Hewe,Holdforth
619,Thacher,Tilney
620,Gleda,Antonio
621,Marge,Staite
622,Norine,Irdale
623,Penelopa,Knewstubb
624,Leonidas,Tyas
625,Brok,Couper
626,Alan,Pollen
627,Shandee,Balkwill
628,Jeromy,Sarch
629,Brena,Simonini
630,Constantina,Grigorescu
631,Nico,Barniss
632,Wayland,Shirer
633,Rebe,Mafham
634,Florencia,Breheny
635,Der,Oake
636,Fanechka,Hurdiss
637,Jemmy,Coyett
638,Dorene,Darthe
639,Bax,Castelin
640,Kara,Jay
641,Vanny,Leipelt
642,Roseanne,Juniper
643,Hanny,Clappson
644,Kathy,Gilderoy
645,Noelani,Roycroft
646,Millisent,MacNally
647,Tamar,O' Borne
648,Jesus,Laurenz
649,Inger,Gally
650,Wanids,Selbie
651,Sam,Walrond
652,Jewelle,Trattles
653,Ardis,Crowne
654,Lindsay,Kensett
655,Revkah,Shiel
656,Carree,Bang
657,Allan,Francois
658,Yasmin,Vasilchenko
659,Vern,Soeiro
660,Neila,Basler
661,Ruddy,Itter
662,Giovanni,Vasilechko
663,Henderson,Dupey
664,Jorgan,Rubens
665,Dalenna,Spragge
666,Siward,Van Driel
667,Sherill,Crucetti
668,Cornell,Wyre
669,Brynne,Buckenham
670,Tommie,Brigginshaw
671,Benedetta,Barstowk
672,Jack,Colborn
673,Jacenta,Brasted
674,Georgetta,Gomm
675,Magnum,Shambrooke
676,Hal,Iacovaccio
677,Bearnard,Woodcock
678,Nicolina,Easen
679,Augustina,Depper
680,Dori,Darrington
681,Jordain,Allston
682,Polly,Londsdale
683,Libbi,Cartmill
684,Nathalie,Gowen
685,Hannis,Hingeley
686,Moise,Fearenside
687,Pepillo,Gillson
688,Else,Breedy
689,Adina,Coryndon
690,Kurt,Elloy
691,Virgie,Howsego
692,Amandie,Pladen
693,Dawn,MacDuff
694,Goddart,Bazek
695,Ardelle,Croizier
696,Buddy,Valenta
697,Beatrix,Matuschek
698,Ruby,Mantrup
699,Car,Buckley
700,Ethelin,Bauld
701,Padriac,Crop
702,Lothario,Dobrowolny
703,Catharina,McGilroy
704,Court,Aslum
705,Marin,Bartolomieu
706,Pooh,Kolakowski
707,Jo,Tuma
708,Etti,Toll
709,Royall,Yeldham
710,Isis,Spanton
711,Constantine,Burnes
712,Gabbie,Green
713,Conny,Gilchrest
714,Kenneth,Force
715,Lincoln,Lillistone
716,Therine,Loveredge
717,Yetta,Jockle
718,Ailbert,Peplaw
719,Kirby,Halse
720,Candida,Woof
721,Claudelle,Kopfen
722,Kristel,Frackiewicz
723,Borden,Doak
724,Hewie,Stadding
725,Feliks,O'Regan
726,Berne,Harwick
727,Orton,Ching
728,Simon,Standell
729,Tedi,Piddletown
730,Elnar,Jedrzejewsky
731,Giavani,Brockett
732,Sayre,Piscopiello
733,Donnell,Deamer
734,Livy,Crum
735,Happy,Rushby
736,Tiler,Kiddle
737,Abel,Saltsberg
738,Dacey,Baugh
739,Hewet,Danbi
740,Bobbe,Dunley
741,Jae,Papa
742,Raimondo,Mateuszczyk
743,Janeczka,Olenikov
744,Goldie,Morfell
745,Klara,Viveash
746,Hewie,Caswall
747,Caritta,Lutman
748,Donnajean,Foxwell
749,Sydelle,Malcher
750,Waring,Arran
751,Feodora,Britnell
752,Langston,Clerk
753,Tiffie,Stevens
754,Artemus,Ismirnioglou
755,Welbie,Sevitt
756,Gladys,Seabrocke
757,Brew,Whitticks
758,Terrence,Strippling
759,Linn,Garvill
760,Shelba,MacCallion
761,Lenka,Blethin
762,Temp,Mold
763,Julee,Di Biaggi
764,Winonah,McGrane
765,Daphene,Curl
766,Benjie,Lewcock
767,Gus,Millican
768,Alfie,Darke
769,Ermentrude,Lomath
770,Yvette,Eilhersen
771,Druci,Arkil
772,Zorina,Warrell
773,Dannye,Dolbey
774,Teodor,Reynish
775,Neysa,Tichner
776,Ajay,Gibben
777,Tova,Noller
778,Gardener,Watchorn
779,Eda,Fabri
780,Gusti,Baylie
781,Hally,Longmire
782,Ester,Duer
783,Aloysius,Arnall
784,Benton,Glencross
785,Nertie,Esposi
786,Sanford,Brende
787,Alex,Figgess
788,Webb,Ralphs
789,Xenia,Lerway
790,Dallas,Lanney
791,Sheppard,McLeese
792,Cathee,Gabbat
793,Craig,Chowne
794,Lauretta,Tortice
795,Fionna,Rewcassell
796,Brenda,Rubinsaft
797,Paule,Burton
798,Abeu,Gokes
799,Jamima,Mieville
800,Tiebold,Ingamells
801,Moina,Dennerley
802,Nanni,Vero
803,Isidoro,Frangello
804,Lukas,Lahrs
805,Nathalia,Whitlam
806,Woodrow,Bonsey
807,Katya,Bennoe
808,Malanie,Kleinber
809,Jephthah,Corcoran
810,Daphene,Klebes
811,Audie,Spellecy
812,Karla,Ramelot
813,Zoe,Vibert
814,Elsie,Charnick
815,Baryram,Markey
816,Ira,Burtonshaw
817,Ricki,Margetson
818,Romeo,Moreton
819,Deva,Dorcey
820,Merrile,Petche
821,Karlotte,Carbine
822,Olivette,Puttrell
823,Vivyan,Perkins
824,Ninetta,Willowby
825,Elysia,Stealfox
826,Torr,Renac
827,Tersina,Simak
828,Jervis,Sawforde
829,Zulema,McCabe
830,Josefina,Snawden
831,Ange,Willmore
832,Bronnie,Burnside
833,Ayn,Alyokhin
834,Robert,Spitaro
835,Liana,Hellicar
836,Goldi,Brahams
837,Burton,Lere
838,Reggi,Sneaker
839,Giustino,Lawlor
840,Ray,Wank
841,Sallyann,O'Gormley
842,Jaime,Misken
843,Vasily,Maslen
844,Meaghan,Tame
845,Ari,Bedminster
846,Pierette,Haynes
847,Stu,Corkitt
848,Reuben,Dowson
849,Carmelita,Dominichelli
850,Trix,Scanes
851,Giusto,Purches
852,Auria,O'Corrigane
853,Kassia,Zeplin
854,Teresita,Reside
855,Leicester,Sigward
856,Emili,Bediss
857,Gaile,Gaskoin
858,Noble,Quennell
859,Cary,Coot
860,Conney,Genty
861,Torrie,Trask
862,Merle,Tidbury
863,Davidson,Billin
864,Drucie,McBrearty
865,Penni,Mawtus
866,Artemus,Daville
867,Arney,Zealy
868,Dal,Isack
869,Elysia,Feldhammer
870,Shaw,Wiltshire
871,Mill,Kilshaw
872,Glennie,Killby
873,Beltran,Solloway
874,Ladonna,Bool
875,Merwin,Lambie
876,Charlene,Soans
877,Drucie,Knappen
878,Clair,Oret
879,Yancy,Reddington
880,Olivia,Sellan
881,Meade,Bucktharp
882,Alisander,Bellhouse
883,Lauritz,Forten
884,Mirna,Synder
885,Obed,Fasset
886,Dud,Vondracek
887,Madelyn,Domaschke
888,Alf,McKinie
889,Nathalia,Stennet
890,Melantha,Adcocks
891,Camille,Lundon
892,Winonah,Gallichiccio
893,Hill,South
894,Kissee,Scamwell
895,Dyann,Skerm
896,Demetria,Kembley
897,Morgana,Daniaud
898,Kenon,Cholwell
899,Dareen,Heindle
900,Ody,Haycraft
901,Jule,Corroyer
902,Christoph,Mawtus
903,Tulley,McFater
904,Janette,MacGruer
905,Monroe,Longdon
906,Xylia,Du Fray
907,Zorana,Cerro
908,Davy,Moncreiffe
909,Anallise,Larive
910,Antonin,Sibbson
911,Kaylee,Brazur
912,Abbe,Sweeten
913,Lydie,Celier
914,Maiga,Milborn
915,Tanya,Lockhart
916,Revkah,Huston
917,Tomlin,Coxwell
918,Elfrida,Duer
919,Jacquenetta,Flippelli
920,Kayla,Bratty
921,Ardelis,McKirdy
922,Malvina,Umpleby
923,Dacy,Boutcher
924,Ferrell,Crawley
925,Idaline,Kayley
926,Natal,Lawton
927,Adelind,Giorgi
928,Glori,Calderwood
929,Brietta,Peto
930,Harlen,Gonzales
931,Clayton,Ligertwood
932,Devora,Gierok
933,Gerhardine,Pennells
934,Alvie,Goldwater
935,Magdalen,Gleave
936,Aarika,Feavyour
937,Vinnie,Rome
938,Bertha,Glendza
939,Henrie,Warman
940,Ilsa,Spiring
941,Denice,Trevaskus
942,Stavros,Horbart
943,Patrica,Axtonne
944,Claudelle,Dolley
945,Carter,Yarnall
946,Flora,Powis
947,Ginnifer,Brinson
948,Wolf,Danilewicz
949,Bud,De Biasio
950,Gale,Glas
951,Rory,Houldin
952,Crawford,Cheetham
953,Emmy,Scarce
954,Van,Gasticke
955,Leah,Oulet
956,Lory,Haile
957,Shawn,Joscelin
958,Elisabeth,Eastment
959,Michal,Ivachyov
960,Dieter,Mackrill
961,Angeli,McPartlin
962,Gilda,Steinson
963,Jacquelynn,Steel
964,Georgiana,Teager
965,Maddy,MacElane
966,Kiel,Motton
967,Joana,Cabena
968,Lulu,Berrisford
969,Nat,Lett
970,Rossie,Bougen
971,Randolf,Kidgell
972,Seamus,Timbridge
973,Zabrina,McTavish
974,Fairfax,Ciani
975,Hugibert,Massard
976,Rochell,Allberry
977,Raynard,Willshere
978,Pierce,Silverthorn
979,Jacquelin,Senechell
980,Moselle,De Moreno
981,Oralla,Gerrett
982,Drucill,Crunkhorn
983,Renard,Jump
984,Huey,Bilverstone
985,Kristyn,Macvey
986,Clemmy,Call
987,Pamella,Yglesia
988,Daren,Leynagh
989,Fraser,Gurling
990,Katheryn,Gariff
991,Brannon,Fortune
992,Willie,Burdis
993,Brigit,Spencook
994,Claudelle,Crotch
995,Nisse,Routley
996,April,Cunniam
997,Lindsy,Bagnal
998,Izaak,Probbin
999,Shandeigh,Frome
1000,Sarene,Jeeks
